"page_id","collection_id","author","title","estimated_price","price_sold"
"4","0","n/a","n/a","600 - 1,000 EUR","3,120 EUR"
"4","0","n/a","n/a","800 - 1,200 EUR","4,200 EUR"
"4","0","n/a","n/a","800 - 1,200 EUR","4,800 EUR"
"4","0","n/a","n/a","3,000 - 5,000 EUR","18,000 EUR"
"4","0","n/a","n/a","800 - 1,200 EUR","7,800 EUR"
"4","0","n/a","n/a","1,000 - 1,500 EUR","28,800 EUR"
"4","0","n/a","n/a","300 - 500 EUR","2,640 EUR"
"4","0","n/a","n/a","500 - 800 EUR","42,000 EUR"
"4","0","n/a","n/a","400 - 600 EUR","2,640 EUR"
"4","0","209.  Probably French or Italian, in late 18th century style | Probablement France ou Italie, dans le goût de la fin du XVIIIe siècle","A pair of fluted pedestals with scrolls | Paire de piédestaux cannelées à rinceaux montants","1,000 - 1,500 EUR","3,360 EUR"
"4","0","n/a","n/a","1,200 - 1,800 EUR","3,120 EUR"
"4","0","n/a","n/a","3,000 - 5,000 EUR","3,840 EUR"
"4","0","n/a","n/a","2,000 - 3,000 EUR","5,040 EUR"
"4","0","n/a","n/a","1,500 - 2,000 EUR","4,560 EUR"
"4","0","n/a","n/a","3,000 - 5,000 EUR","4,200 EUR"
"4","0","n/a","n/a","1,000 - 1,500 EUR","3,120 EUR"
"4","0","n/a","n/a","1,000 - 1,500 EUR","2,160 EUR"
"4","0","n/a","n/a","1,000 - 1,500 EUR","2,280 EUR"
"4","0","n/a","n/a","2,000 - 3,000 EUR","4,200 EUR"
"4","0","n/a","n/a","1,500 - 2,500 EUR","2,880 EUR"
"4","0","n/a","n/a","800 - 1,200 EUR","840 EUR"
"4","0","n/a","n/a","800 - 1,200 EUR","2,640 EUR"
"4","0","n/a","n/a","1,000 - 1,500 EUR","4,560 EUR"
"4","0","n/a","n/a","500 - 800 EUR","2,400 EUR"
"4","0","n/a","n/a","1,500 - 2,000 EUR","4,800 EUR"
"4","0","n/a","n/a","600 - 800 EUR","5,040 EUR"
"4","0","n/a","n/a","800 - 1,200 EUR","1,560 EUR"
"4","0","n/a","n/a","800 - 1,200 EUR","3,840 EUR"
"4","0","n/a","n/a","800 - 1,200 EUR","33,600 EUR"
"4","0","n/a","n/a","500 - 800 EUR","1,800 EUR"
"4","0","n/a","n/a","3,000 - 5,000 EUR","1,800 EUR"
"4","0","n/a","n/a","1,000 - 3,000 EUR","1,440 EUR"
"4","0","n/a","n/a","1,000 - 3,000 EUR","3,840 EUR"
"4","0","n/a","n/a","2,500 - 3,500 EUR","1,560 EUR"
"4","0","n/a","n/a","3,500 - 4,500 EUR","2,040 EUR"
"4","0","n/a","n/a","1,000 - 1,500 EUR","1,680 EUR"
"4","0","n/a","n/a","2,000 - 3,000 EUR","10,800 EUR"
"4","0","n/a","n/a","800 - 1,200 EUR","6,000 EUR"
"4","0","n/a","n/a","1,000 - 1,500 EUR","4,200 EUR"
"4","0","n/a","n/a","400 - 600 EUR","1,920 EUR"
"4","0","n/a","n/a","400 - 600 EUR","720 EUR"
"4","0","n/a","n/a","400 - 600 EUR","3,840 EUR"
"4","0","n/a","n/a","1,200 - 1,800 EUR","4,560 EUR"
"4","0","n/a","n/a","2,000 - 3,000 EUR","960 EUR"
"4","0","n/a","n/a","1,500 - 2,000 EUR","3,360 EUR"
"4","0","n/a","n/a","500 - 800 EUR","1,560 EUR"
"4","0","n/a","n/a","1,900 - 2,800 EUR","6,000 EUR"
"4","0","247.  Elizabeth Gage","Antique roman coin pendant | Pendentif pièce antique romaine","1,900 - 2,800 EUR","9,600 EUR"
"2","12","n/a","n/a","12,000 - 18,000 USD","19,200 USD"
"2","12","n/a","n/a","1,500 - 3,000 USD","1,320 USD"
"2","12","n/a","n/a","1,000 - 2,000 USD","3,120 USD"
"2","12","n/a","n/a","1,500 - 3,000 USD","5,400 USD"
"2","12","n/a","n/a","1,000 - 2,000 USD","600 USD"
"2","12","n/a","n/a","4,000 - 6,000 USD","6,600 USD"
"2","12","n/a","n/a","750 - 1,250 USD","840 USD"
"2","12","n/a","n/a","1,000 - 2,000 USD","1,680 USD"
"2","12","n/a","n/a","4,000 - 6,000 USD","10,200 USD"
"2","12","n/a","n/a","1,500 - 3,000 USD","2,640 USD"
"2","12","n/a","n/a","2,000 - 4,000 USD","4,560 USD"
"2","12","n/a","n/a","2,000 - 4,000 USD","2,400 USD"
"2","12","n/a","n/a","10,000 - 20,000 USD","26,400 USD"
"2","12","n/a","n/a","2,000 - 4,000 USD","2,880 USD"
"2","12","n/a","n/a","1,500 - 3,000 USD","3,120 USD"
"2","12","n/a","n/a","1,500 - 3,000 USD","4,800 USD"
"2","12","n/a","n/a","1,500 - 3,000 USD","3,840 USD"
"2","12","n/a","n/a","1,500 - 3,000 USD","2,880 USD"
"2","12","n/a","n/a","1,000 - 2,000 USD","720 USD"
"2","12","n/a","n/a","2,000 - 4,000 USD","1,560 USD"
"2","12","n/a","n/a","1,000 - 2,000 USD","1,200 USD"
"2","12","n/a","n/a","1,000 - 3,000 USD","31,200 USD"
"2","12","n/a","n/a","2,000 - 4,000 USD","1,200 USD"
"2","12","n/a","n/a","2,000 - 4,000 USD","2,640 USD"
"2","12","n/a","n/a","2,000 - 4,000 USD","1,320 USD"
"2","12","n/a","n/a","2,000 - 4,000 USD","1,200 USD"
"2","12","n/a","n/a","1,000 - 3,000 USD","360 USD"
"2","12","n/a","n/a","1,000 - 2,000 USD","600 USD"
"2","12","n/a","n/a","1,000 - 3,000 USD","480 USD"
"2","12","n/a","n/a","3,000 - 5,000 USD","1,800 USD"
"2","12","n/a","n/a","1,000 - 3,000 USD","360 USD"
"2","12","n/a","n/a","1,000 - 2,000 USD","2,880 USD"
"2","12","n/a","n/a","1,000 - 3,000 USD","480 USD"
"2","12","n/a","n/a","1,500 - 3,000 USD","960 USD"
"2","12","n/a","n/a","8,000 - 12,000 USD","10,200 USD"
"2","12","n/a","n/a","500 - 1,000 USD","840 USD"
"2","12","n/a","n/a","1,000 - 2,000 USD","1,200 USD"
"2","12","n/a","n/a","500 - 1,000 USD","240 USD"
"2","12","n/a","n/a","500 - 1,000 USD","1,800 USD"
"2","12","n/a","n/a","1,000 - 2,000 USD","600 USD"
"2","12","n/a","n/a","4,000 - 6,000 USD","6,600 USD"
"2","12","n/a","n/a","1,000 - 2,000 USD","1,080 USD"
"2","12","n/a","n/a","30,000 - 50,000 USD","120,000 USD"
"2","12","n/a","n/a","1,000 - 2,000 USD","2,880 USD"
"2","12","n/a","n/a","6,000 - 8,000 USD","10,200 USD"
"2","12","n/a","n/a","1,000 - 2,000 USD","3,360 USD"
"2","12","n/a","n/a","2,000 - 4,000 USD","1,560 USD"
"2","12","n/a","n/a","500 - 1,000 USD","840 USD"
"4","2","n/a","n/a","3,000 - 5,000 EUR","6,600 EUR"
"4","2","n/a","n/a","8,000 - 12,000 EUR","18,000 EUR"
"4","2","n/a","n/a","3,000 - 5,000 EUR","3,360 EUR"
"4","2","n/a","n/a","8,000 - 12,000 EUR","11,400 EUR"
"4","2","5.  Luis Gil","Pair of cultured and diamond necklaces | Paire de colliers perles de culture et diamants ","7,500 - 11,000 EUR","15,600 EUR"
"4","2","n/a","n/a","3,000 - 5,000 EUR","8,400 EUR"
"4","2","n/a","n/a","8,000 - 12,000 EUR","9,600 EUR"
"4","2","8.  Piaget","Lady's gold and diamond bracelet watch | Piaget, Montre de dame or et diamants","1,400 - 2,400 EUR","3,600 EUR"
"4","2","9.  David Webb","Pair of cultured pearl and diamond pendent ear clips |   Paire de clips d'oreille perles de culture et diamants ","14,000 - 24,000 EUR","33,600 EUR"
"4","2","n/a","n/a","4,000 - 8,000 EUR","3,600 EUR"
"4","2","11.  Verdura","Pair of enamel and cultured pearls ear clips | Paire de clips d'oreille émail et perles de culture ","2,400 - 3,200 EUR","6,000 EUR"
"4","2","12.  Bulgari","Gold and diamond necklace | Collier or et diamants ","6,500 - 8,500 EUR","22,800 EUR"
"4","2","13.  Bulgari","Tubogas gold bracelet watch, 'Serpenti' |  Montre bracelet tubogas or, ""Serpenti""","8,000 - 12,000 EUR","19,200 EUR"
"4","2","14.  Bulgari","Gold necklace | Collier or ","3,800 - 5,500 EUR","14,400 EUR"
"4","2","n/a","n/a","9,000 - 15,000 EUR","33,600 EUR"
"4","2","n/a","n/a","900 - 1,800 EUR","3,600 EUR"
"4","2","17.  Fred Leighton","Pair of mother-of-pearl and gold ear clips | Paire de clips d'oreille nacre et or ","700 - 900 EUR","2,040 EUR"
"4","2","18.  Tiffany & Co.","Cultured pearl and gold brooch | Broche perles de culture et or ","1,900 - 2,800 EUR","5,760 EUR"
"4","2","19.  David Webb","Gold and diamond cuff-bracelet | Bracelet diamants et or ","11,000 - 17,000 EUR","18,000 EUR"
"4","2","20.  Andrew Clunn","Gold and diamond bangle-bracelet | Bracelet jonc or et diamants ","2,400 - 3,500 EUR","4,560 EUR"
"4","2","n/a","n/a","1,900 - 2,800 EUR","3,840 EUR"
"4","2","22.  Andrew Clunn","Pair of gold bangle bracelets | Paire de bracelets joncs or","5,500 - 8,500 EUR","7,800 EUR"
"4","2","n/a","n/a","900 - 1,100 EUR","3,360 EUR"
"4","2","24.  Sanz","Ruby and diamond brooch | Broche rubis et diamants ","1,900 - 2,800 EUR","4,560 EUR"
"4","2","n/a","n/a","3,000 - 5,000 EUR","4,200 EUR"
"4","2","n/a","n/a","6,500 - 9,000 EUR","7,200 EUR"
"4","2","27.  Andrew Clunn","Cultured pearl and diamond brooch/pendant | Broche/pendentif perle de culture et diamants ","3,800 - 5,500 EUR","4,560 EUR"
"4","2","28.  Andrew Clunn","Pair of cultured pearl and diamond ear clips |  Paire de clips d'oreille perles de culture et diamants ","2,800 - 4,500 EUR","5,040 EUR"
"4","2","29.  Seaman Schepps","Tiger's eye and cultured pearl necklace | Collier oeil-de-tigre et perles de culture ","4,500 - 6,500 EUR","3,600 EUR"
"4","2","n/a","n/a","2,800 - 4,500 EUR","3,360 EUR"
"4","2","31.  David Webb","Cultured pearl, gold and diamond demi-parure |  Demi-parure perles de culture, or et diamants","15,000 - 25,000 EUR","18,000 EUR"
"4","2","n/a","n/a","3,800 - 5,500 EUR","7,200 EUR"
"4","2","33.  Aldao","Pair of gold and diamond ear clips |  Paire de clips d'oreille or et diamants","1,900 - 2,800 EUR","5,040 EUR"
"4","2","34.  David Webb","Pair of sapphire and diamond ear clips | Paire de clips d'oreille saphirs et diamants","7,500 - 11,000 EUR","9,600 EUR"
"4","2","35.  David Webb","Sapphire and diamond brooch | Broche saphirs et diamants","14,000 - 24,000 EUR","26,400 EUR"
"4","2","n/a","n/a","1,900 - 2,800 EUR","9,600 EUR"
"4","2","37.  Cartier","Lady's gold and diamond wristwatch, 'Baignoire' | Montre bracelet de dame or et diamants, ""Baignoire""","1,900 - 2,800 EUR","10,800 EUR"
"4","2","38.  Vacheron Constantin","Lady's gold bracelet watch | Montre bracelet de dame or","1,800 - 2,800 EUR","3,360 EUR"
"4","2","39.  Orlandini","Gold necklace | Collier or ","4,500 - 6,500 EUR","20,400 EUR"
"4","2","40.  Bulgari","Enamel and gold bracelet | Bracelet émail et or","5,000 - 7,000 EUR","57,600 EUR"
"4","2","41.  Bulgari","Enamel and gold ear clips | Clips d'oreille émail et or","4,000 - 6,000 EUR","19,200 EUR"
"4","2","42.  Bulgari","Porcelain and gem-set necklace, 'Chandra' | Collier porcelaine et pierres de couleur, « Chandra » ","11,000 - 17,000 EUR","66,000 EUR"
"4","2","43.  Bulgari","Citrine and diamond necklace | Collier citrines et diamants","6,500 - 8,500 EUR","26,400 EUR"
"4","2","44.  Bulgari","Citrine and diamond brooch | Broche citrine et diamants ","7,500 - 11,000 EUR","10,800 EUR"
"4","2","45.  Van Cleef & Arpels","Pair of onyx and diamond ear clips, 'Clematis' | Paire de clips d'oreille onyx et diamants","2,800 - 4,500 EUR","11,400 EUR"
"4","2","46.  Van Cleef & Arpels","Gold and diamond bracelet | Bracelet or et diamants ","6,000 - 8,000 EUR","10,200 EUR"
"4","2","47.  Van Cleef & Arpels","Pair of gold and diamond ear clips | Paire de clips d'oreille or et diamants ","4,500 - 6,500 EUR","16,800 EUR"
"4","2","n/a","n/a","4,500 - 6,500 EUR","19,200 EUR"
"2","9","n/a","n/a","2,200 - 3,200 CHF","5,000 CHF"
"3","12","1301.  Hermès","Limited Edition Multicolor Swift One Two Three and Away We Go Birkin 25 Palladium Hardware, 2018","22,000 - 28,000 CHF","28,800 CHF"
"3","12","1302.  Hermès","Jaune de Naples Epsom Kelly 25 Sellier Gold Hardware, 2022 ","12,000 - 16,000 CHF","21,600 CHF"
"3","12","1303.  Hermès","Jaune de Naples Clemence Picotin Lock 18 Palladium Hardware, 2021","3,000 - 4,000 CHF","2,880 CHF"
"2","9","n/a","n/a","3,200 - 4,500 CHF","5,000 CHF"
"2","9","n/a","n/a","3,500 - 4,500 CHF","6,875 CHF"
"3","12","1304.  Hermès","Mimosa Matte Porosus Crocodile HSS Birkin 25 Brushed Palladium Hardware, 2021","40,000 - 50,000 CHF","66,000 CHF"
"3","12","1305.  Hermès","Limited Edition Lime Epsom and Gris Perle Verso Candy Birkin 25 Palladium Hardware, 2011","10,000 - 15,000 CHF","14,400 CHF"
"3","12","1306.  Hermès","Limited Edition Multicolor Swift On a Summer Day Constance 24 Palladium Hardware, 2017","10,000 - 15,000 CHF","12,000 CHF"
"3","12","1307.  Hermès","Rose Sakura Swift Birkin 25 Palladium Hardware, 2021","12,000 - 15,000 CHF","26,400 CHF"
"2","9","n/a","n/a","1,800 - 2,400 CHF","5,625 CHF"
"2","9","n/a","n/a","3,000 - 4,000 CHF","10,000 CHF"
"2","9","n/a","n/a","900 - 1,300 CHF","3,500 CHF"
"2","9","n/a","n/a","1,900 - 2,600 CHF","5,625 CHF"
"2","9","n/a","n/a","5,500 - 6,500 CHF","13,750 CHF"
"2","9","n/a","n/a","3,200 - 4,200 CHF","5,000 CHF"
"2","9","n/a","n/a","3,500 - 4,800 CHF","11,250 CHF"
"2","9","n/a","n/a","2,400 - 3,200 CHF","6,000 CHF"
"2","9","n/a","n/a","5,000 - 6,500 CHF","15,000 CHF"
"2","9","n/a","n/a","9,500 - 13,000 CHF","17,500 CHF"
"2","9","n/a","n/a","5,000 - 6,000 CHF","6,000 CHF"
"2","9","n/a","n/a","10,000 - 13,000 CHF","20,000 CHF"
"3","12","1308.  Hermès","Limited Edition Rose D'ete Chèvre Mysore and Rouge Venitien Verso Mini Kelly II 20 Palladium Hardware, 2023","16,000 - 18,000 CHF","26,400 CHF"
"3","12","1309.  Hermès","Rose Azalee Swift Kelly 25 Retourne Palladium Hardware, 2017 and Sesame, Mauve Sylvestre and Craie Milo Lambskin and Swift GriGri Rodeo Charm PM and Twilly","10,000 - 12,000 CHF","16,800 CHF"
"3","12","1310.  Hermès","Rose Tyrien Ostrich Constance 24 Palladium Hardware, 2019","12,000 - 14,000 CHF","14,400 CHF"
"3","12","1311.  Dior","Pink Lizard Lady Dior Silver Hardware, 2013","4,000 - 6,000 CHF","4,200 CHF"
"3","12","1312.  Hermès","Rose Extreme Togo and Rouge Coeur Swift Mini 24/24 Palladium Hardware, 2021","6,000 - 8,000 CHF","7,200 CHF"
"3","12","1314.  Hermès","Limited Edition Rose Mexico Swift and Marble Silk Constance 24 Palladium Hardware, 2020","10,000 - 15,000 CHF","12,000 CHF"
"3","12","1315.  Hermès","Rose Pourpre, Magnolia and Dune Negonda and Canvas Garden File 28 Palladium Hardware, 2021","2,000 - 3,000 CHF","1,920 CHF"
"3","12","1316.  Hermès","Limited Edition Apricot, Bleu Agate, Magnolia and Rouge Casaque Epsom Sunset Rainbow Birkin 35 Sellier Palladium Hardware, 2021","15,000 - 18,000 CHF","22,800 CHF"
"2","9","n/a","n/a","10,000 - 13,000 CHF","13,750 CHF"
"2","9","n/a","n/a","1,800 - 2,600 CHF","2,375 CHF"
"2","9","n/a","n/a","9,500 - 13,000 CHF","17,500 CHF"
"2","9","n/a","n/a","60,000 - 75,000 CHF","125,000 CHF"
"2","9","n/a","n/a","20,000 - 26,000 CHF","27,500 CHF"
"2","9","n/a","n/a","20,000 - 26,000 CHF","32,500 CHF"
"2","9","n/a","n/a","15,000 - 20,000 CHF","18,750 CHF"
"2","9","n/a","n/a","15,000 - 20,000 CHF","16,250 CHF"
"2","9","n/a","n/a","7,500 - 10,000 CHF","10,000 CHF"
"2","9","n/a","n/a","5,000 - 6,500 CHF","6,000 CHF"
"2","9","n/a","n/a","3,500 - 4,500 CHF","6,000 CHF"
"2","9","n/a","n/a","3,500 - 4,500 CHF","4,000 CHF"
"2","9","n/a","n/a","32,000 - 42,000 CHF","37,500 CHF"
"2","9","n/a","n/a","15,000 - 19,000 CHF","16,250 CHF"
"2","9","n/a","n/a","9,000 - 13,000 CHF","n/a"
"2","9","n/a","n/a","4,000 - 5,500 CHF","15,000 CHF"
"3","12","1318.  Hermès","Orange Clemence Birkin 40 Palladium Hardware, 2009","6,000 - 8,000 CHF","12,000 CHF"
"3","12","1319.  Hermès","Pain d’Epice Shiny Porosus Crocodile Birkin 35 Gold Hardware, 2007","15,000 - 18,000 CHF","20,400 CHF"
"3","12","1320.  Hermès","Orange Swift Kelly Cut Palladium Hardware, 2016","6,000 - 8,000 CHF","6,600 CHF"
"3","12","1321.  Hermès","Pain d’Epice Shiny Alligator Mississippiensis Bearn Wallet Gold Hardware, 2007","3,000 - 5,000 CHF","1,800 CHF"
"3","12","1322.  Hermès","Nata and Etain Epsom Mini Kelly II 20 HSS Permabrass Hardware, 2022","18,000 - 22,000 CHF","26,400 CHF"
"3","12","1323.  Hermès","Limited Edition Beige Marfa Swift Fringe Kelly Danse II Palladium Hardware, 2023","20,000 - 30,000 CHF","28,800 CHF"
"3","12","1325.  Hermès","White Matte Niloticus Crocodile Himalaya Birkin 25 Palladium Hardware, 2015","100,000 - 120,000 CHF","132,000 CHF"
"3","12","1326.  Hermès","Craie Epsom Mini Kelly II 20 Palladium Hardware, 2023","15,000 - 18,000 CHF","28,800 CHF"
"3","12","1327.  Chanel","Lot of Two Pairs of Golden Metal and Imitation Pearl  Clip Earrings, One Imitation Pearl Bracelet and One Imitation Pearl Necklace","1,000 - 2,000 CHF","1,680 CHF"
"3","12","1328.  Hermès","Limited Edition Black Epsom Kelly en Desordre 20 Sellier Gold Hardware, 2023","20,000 - 30,000 CHF","45,600 CHF"
"3","12","1329.  Hermès","Limited Edition Black Matte Alligator, Black Madame, Sombrero, Orange H and Jaune Ambre Swift Midnight Faubourg Birkin 20 Sellier Black PVD Hardware, 2022","95,000 - 110,000 CHF","120,000 CHF"
"3","12","1331.  Hermès","Limited Edition Vert Fizz Epsom Bolide on Wheels Palladium Hardware, 2023","14,000 - 17,000 CHF","21,600 CHF"
"3","12","1332.  Hermès","Vert D'Eau Matte Alligator Birkin 25 Gold Hardware, 2023","40,000 - 60,000 CHF","72,000 CHF"
"3","12","1333.  Hermès","Vert Criquet Epsom Mini Kelly II 20 Gold Hardware, 2021","15,000 - 18,000 CHF","26,400 CHF"
"3","12","1335.  Hermès","Limited Edition Vert Yucca, Vert Fizz and Etoupe Tricolor Epsom Kelly 25 Sellier Palladium Hardware, 2023","15,000 - 18,000 CHF","22,800 CHF"
"3","12","1336.  Hermès","Vert Comics Togo Mini Lindy 20 Palladium Hardware, 2023","5,000 - 7,000 CHF","7,800 CHF"
"2","9","n/a","n/a","2,200 - 3,200 CHF","4,375 CHF"
"2","9","n/a","n/a","100,000 - 150,000 CHF","n/a"
"2","9","n/a","n/a","90,000 - 140,000 CHF","n/a"
"2","9","n/a","n/a","8,000 - 12,000 CHF","10,000 CHF"
"2","9","n/a","n/a","10,000 - 15,000 CHF","15,000 CHF"
"2","9","n/a","n/a","3,500 - 5,000 CHF","5,625 CHF"
"2","9","n/a","n/a","3,000 - 4,500 CHF","3,750 CHF"
"2","9","n/a","n/a","30,000 - 50,000 CHF","37,500 CHF"
"2","9","n/a","n/a","4,000 - 6,500 CHF","n/a"
"2","9","n/a","n/a","3,000 - 4,500 CHF","6,250 CHF"
"2","9","n/a","n/a","3,500 - 5,000 CHF","4,750 CHF"
"2","9","n/a","n/a","800 - 1,200 CHF","1,750 CHF"
"3","12","1337.  Hermès","Vert Menthe Swift Kelly 25 Retourne Palladium Hardware, 2023","12,000 - 15,000 CHF","15,600 CHF"
"3","12","1338.  Hermès","Vert Vertigo Clemence Birkin 30 Palladium Hardware, 2020","12,000 - 14,000 CHF","14,400 CHF"
"3","12","1339.  Hermès","Vert Titien and Gris Agate Ostrich HSS Birkin 30 Brushed Palladium Hardware, 2019","14,000 - 18,000 CHF","16,800 CHF"
"3","12","1340.  Louis Vuitton x Virgil Abloh","Limited Edition Green and Blue Monogram Illusion Taurillon Leather Horizon 55 Suitcase Silver Hardware","3,000 - 5,000 CHF","8,400 CHF"
"3","12","1342.  Hermès","Bleu Royal Togo and Bleu Encre Swift 24/24 29  Palladium Hardware, 2021","5,000 - 7,000 CHF","6,000 CHF"
"3","12","1343.  Hermès","Limited Edition Bleu Royal, Nata, Gold and Bleu Indigo Epsom Quelle Idole Kelly Doll Picto Palladium Hardware, 2022","30,000 - 40,000 CHF","48,000 CHF"
"3","12","1344.  Hermès","Bleu Roi Niloticus Lizard Kelly 28 Sellier Gold Hardware, 1996","18,000 - 22,000 CHF","19,200 CHF"
"3","12","1345.  Hermès","Limited Edition Bleu Saphir Swift, Ecru and Mauve Toile Quadrille  Kelly 28 Sellier Palladium Hardware, 2022","14,000 - 16,000 CHF","19,200 CHF"
"3","12","1346.  Hermès","Bleu Nuit Togo Birkin 30 Gold Hardware, 2018","14,000 - 18,000 CHF","16,800 CHF"
"3","12","1347.  Hermès","Bleu Indigo Epsom Kelly 25 Sellier Gold Hardware, 2023","12,000 - 15,000 CHF","24,000 CHF"
"3","12","1348.  Hermès","Limited Edition Black, Gold, Bleu Royal and Jaune Citron Togo HAC Haut à Courroies Palladium Hardware, 2022","10,000 - 12,000 CHF","18,000 CHF"
"3","12","1349.  Hermès","Limited Edition Black Swift and Canvas Cargo Birkin 25 Palladium  Hardware, 2022","20,000 - 24,000 CHF","31,200 CHF"
"3","12","1350.  Hermès","Black Evercalf and Horsehair Toupet 18, 2023","15,000 - 18,000 CHF","16,800 CHF"
"3","12","1352.  Hermès","White Togo Birkin 35 Palladium Hardware, 2010","8,000 - 10,000 CHF","11,400 CHF"
"3","12","1353.  Chanel","White Calfskin Cerf Tote Bag Silver Hardware, 2008-09","2,000 - 3,000 CHF","1,800 CHF"
"3","12","1354.  Hermès","Bleu Glacier Clemence HAC Haut à Courroies Palladium Hardware, 2015","8,000 - 10,000 CHF","10,200 CHF"
"3","12","1355.  Hermès","Etoupe Epsom Kelly 25 Sellier Gold Hardware, 2023","12,000 - 18,000 CHF","26,400 CHF"
"1","2","n/a","n/a","7,000 - 10,000 USD","14,400 USD"
"1","2","n/a","n/a","3,000 - 5,000 USD","2,040 USD"
"1","2","n/a","n/a","6,000 - 8,000 USD","5,760 USD"
"1","2","n/a","n/a","8,000 - 12,000 USD","9,000 USD"
"1","2","n/a","n/a","3,000 - 5,000 USD","5,040 USD"
"1","2","n/a","n/a","2,500 - 3,500 USD","6,000 USD"
"1","2","n/a","n/a","60,000 - 90,000 USD","78,000 USD"
"1","2","n/a","n/a","4,000 - 6,000 USD","6,600 USD"
"1","2","n/a","n/a","3,000 - 5,000 USD","5,760 USD"
"1","2","n/a","n/a","6,000 - 8,000 USD","9,000 USD"
"1","2","n/a","n/a","5,000 - 7,000 USD","4,200 USD"
"1","2","n/a","n/a","15,000 - 20,000 USD","15,600 USD"
"1","2","n/a","n/a","4,000 - 6,000 USD","7,200 USD"
"1","2","n/a","n/a","15,000 - 20,000 USD","33,600 USD"
"1","2","n/a","n/a","5,000 - 7,000 USD","9,600 USD"
"1","2","n/a","n/a","3,000 - 5,000 USD","6,600 USD"
"1","2","n/a","n/a","4,000 - 6,000 USD","6,000 USD"
"1","2","n/a","n/a","8,000 - 12,000 USD","9,000 USD"
"1","2","n/a","n/a","5,000 - 7,000 USD","9,000 USD"
"1","2","n/a","n/a","3,000 - 5,000 USD","7,800 USD"
"1","2","n/a","n/a","8,000 - 12,000 USD","16,800 USD"
"1","2","n/a","n/a","10,000 - 15,000 USD","20,400 USD"
"1","2","n/a","n/a","12,000 - 18,000 USD","45,600 USD"
"1","2","n/a","n/a","5,000 - 7,000 USD","8,400 USD"
"1","2","n/a","n/a","5,000 - 7,000 USD","7,440 USD"
"1","2","n/a","n/a","6,000 - 9,000 USD","9,600 USD"
"1","2","n/a","n/a","18,000 - 22,000 USD","24,000 USD"
"1","2","n/a","n/a","40,000 - 60,000 USD","62,400 USD"
"1","2","n/a","n/a","14,000 - 18,000 USD","16,800 USD"
"1","2","n/a","n/a","55,000 - 65,000 USD","60,000 USD"
"1","2","n/a","n/a","3,000 - 5,000 USD","7,800 USD"
"1","2","n/a","n/a","8,000 - 12,000 USD","7,200 USD"
"1","2","n/a","n/a","30,000 - 40,000 USD","50,400 USD"
"1","2","n/a","n/a","25,000 - 35,000 USD","54,000 USD"
"1","2","n/a","n/a","40,000 - 60,000 USD","42,000 USD"
"1","2","n/a","n/a","5,000 - 8,000 USD","4,560 USD"
"1","2","n/a","n/a","4,000 - 6,000 USD","4,800 USD"
"1","2","n/a","n/a","5,000 - 7,000 USD","7,800 USD"
"1","2","n/a","n/a","3,000 - 5,000 USD","6,600 USD"
"1","2","n/a","n/a","8,000 - 12,000 USD","9,600 USD"
"1","2","n/a","n/a","20,000 - 30,000 USD","42,000 USD"
"1","2","n/a","n/a","20,000 - 30,000 USD","38,400 USD"
"1","2","n/a","n/a","20,000 - 30,000 USD","30,000 USD"
"1","2","n/a","n/a","2,500 - 3,500 USD","4,200 USD"
"1","2","n/a","n/a","4,000 - 6,000 USD","3,840 USD"
"1","2","n/a","n/a","8,000 - 12,000 USD","11,400 USD"
"1","2","n/a","n/a","10,000 - 15,000 USD","8,400 USD"
"1","2","n/a","n/a","2,500 - 3,500 USD","5,760 USD"
"2","8","1.  Tudor","Reference 79030N ‘Black Bay 58’ | A stainless steel wristwatch with bracelet, Circa 2020","4,000 - 6,000 USD","3,360 USD"
"1","13","301.  F.P. Journe","Kokies Vinyl Toy Collectives featuring Francois Paul Journe, Circa 2022","5,000 - 8,000 USD","2,280 USD"
"1","13","302.  Rolex","Reference 116610LN Submariner | A stainless steel automatic wristwatch with date and bracelet, Circa 2015","8,000 - 12,000 USD","11,400 USD"
"1","13","303.  Rolex","Reference 16600 T Sea-Dweller | A stainless steel automatic wristwatch with date and bracelet, Circa 2008","6,000 - 12,000 USD","9,600 USD"
"2","8","2.  Rolex","Reference 126710BLRO GMT-Master II 'Pepsi' | A stainless steel automatic dual time wristwatch with date and bracelet, Circa 2018","10,000 - 20,000 USD","19,200 USD"
"2","8","3.  Rolex","Reference 116610LV Submariner 'Hulk' | A stainless steel automatic wristwatch with date and bracelet, Circa 2012","10,000 - 20,000 USD","18,000 USD"
"2","8","4.  Rolex","Reference 116710BLNR GMT-Master II 'Batman' | A stainless steel dual time wristwatch with date and bracelet, Circa 2019","10,000 - 15,000 USD","15,600 USD"
"2","8","5.  Rolex","Reference 116500LN Daytona | A stainless steel automatic chronograph wristwatch with bracelet, Circa 2019","12,000 - 24,000 USD","26,400 USD"
"2","8","6.  Rolex","Reference 116500LN Daytona | A stainless steel automatic chronograph wristwatch with bracelet, Circa 2017","12,000 - 24,000 USD","21,600 USD"
"2","8","7.  Rolex","Reference 116520 Daytona | A stainless steel automatic chronograph wristwatch with bracelet, Circa 2003","10,000 - 20,000 USD","15,600 USD"
"1","13","304.  Rolex","Reference 1675 GMT-Master ‘Pepsi’ | A stainless steel automatic dual time wristwatch with date and bracelet, Circa 1968","6,000 - 12,000 USD","11,400 USD"
"1","13","305.  Rolex","Reference 1675 GMT-Master | Retailed by Tiffany & Co.: A stainless steel automatic dual time wristwatch with date and bracelet, Circa 1977","15,000 - 25,000 USD","24,000 USD"
"1","13","306.  Rolex","Reference 16750 GMT-Master | A stainless steel automatic dual time wristwatch with date and bracelet, Circa 1979","10,000 - 15,000 USD","11,400 USD"
"1","13","307.  Jaeger-LeCoultre","Reference 270.3.36 Reverso | A white gold rectangular wristwatch with day, date, and day/night indication, Circa 2005","6,000 - 8,000 USD","9,000 USD"
"2","8","8.  Rolex","Reference 116505 Daytona | A pink gold automatic chronograph wristwatch with bracelet, Circa 2017","35,000 - 55,000 USD","42,000 USD"
"2","8","9.  Rolex","Reference 116509 Daytona | A white gold automatic chronograph wristwatch with bracelet and racing dial, Circa 2006","25,000 - 40,000 USD","28,800 USD"
"2","8","10.  Rolex","Reference 16520 'Patrizzi Dial Zenith' Daytona | A stainless steel automatic chronograph wristwatch with bracelet and tropical subsidiary dials, Circa 1995","25,000 - 50,000 USD","26,400 USD"
"2","8","12.  Rolex","Reference 16018 Datejust | A yellow gold automatic wristwatch with date, mesh bracelet, and tiger's eye dial, Circa 1984","20,000 - 40,000 USD","24,000 USD"
"2","8","13.  Rolex","Reference 18038 Day-Date | A yellow gold automatic wristwatch with day, date, bracelet, and 'Stella' dial, Circa 1981","30,000 - 50,000 USD","42,000 USD"
"2","8","14.  Rolex","Reference 19028 Oysterquartz Day-Date 'Pyramid' | A yellow gold wristwatch with day, date and bracelet, Circa 1987","20,000 - 30,000 USD","31,200 USD"
"2","8","15.  Rolex","Reference 18048 Day-Date | A yellow gold and diamond and sapphire-set automatic wristwatch with day, date, and bracelet, Circa 1984","30,000 - 60,000 USD","45,600 USD"
"2","8","16.  Rolex","Reference 1803 'Left-Handed' Day-Date | A white gold and diamond-set automatic wristwatch with day, date, and bracelet, Circa 1968","80,000 - 120,000 USD","n/a"
"1","13","308.  Jaeger-LeCoultre","Reference 277.2.62 Grande Reverso Ultra Thin Tribute to 1931 | A limited edition pink gold rectangular wristwatch, Circa 2011","5,000 - 10,000 USD","10,200 USD"
"1","13","309.  Jaeger-LeCoultre","Reference 277.8.62 Reverso | A stainless steel rectangular wristwatch, Circa 2011","5,000 - 10,000 USD","7,200 USD"
"1","13","310.  Rolex","Reference 69178 Datejust | A yellow gold automatic wristwatch with date and bracelet, Circa 1995","6,000 - 8,000 USD","9,000 USD"
"1","13","311.  Rolex","Reference 16030 Datejust | A stainless steel automatic wristwatch with date and bracelet, Circa 1982","5,000 - 8,000 USD","5,760 USD"
"1","13","312.  Rolex","Reference 1803 Day-Date | A yellow gold automatic wristwatch with day, date, and bracelet, Circa 1968","8,000 - 10,000 USD","12,000 USD"
"1","13","313.  Rolex","Reference 216570 Explorer II | A stainless steel automatic dual time wristwatch with date and bracelet, Circa 2016","8,000 - 12,000 USD","8,400 USD"
"1","13","314.  Rolex","""New Old Stock"" Reference 16622 Yachtmaster | A stainless steel and platinum automatic wristwatch with date and bracelet, Circa 2003","12,000 - 18,000 USD","14,400 USD"
"1","13","315.  Rolex","Reference 16613 T Submariner | A yellow gold and stainless steel automatic wristwatch with date and bracelet, Circa 2008","8,000 - 16,000 USD","12,000 USD"
"2","8","17.  Rolex","Reference 6263 Daytona | A stainless steel chronograph wristwatch with bracelet and tropical registers, Circa 1971","80,000 - 160,000 USD","n/a"
"2","8","18.  Rolex","Reference 6239 'Floating' Daytona | A stainless steel chronograph wristwatch with bracelet, Circa 1967","40,000 - 80,000 USD","n/a"
"2","8","19.  Rolex","Reference 6265 Daytona | Retailed by Tiffany & Co.: A yellow gold chronograph wristwatch with bracelet, Circa 1978","200,000 - 400,000 USD","216,000 USD"
"2","8","20.  Bulgari","Reference 103569 Octo Finissimo 'Tatsuo Miyajima' | A limited edition titanium automatic wristwatch, Circa 2022","8,000 - 12,000 USD","9,600 USD"
"2","8","21.  Bulgari","Reference 103563 Octo Finissimo 'Tatsuo Miyajima' | A limited edition ceramic automatic wristwatch, Circa 2022","8,000 - 12,000 USD","9,600 USD"
"2","8","22.  Massena Lab | Ming","Reference 17.09 'Honeytrap' | A DLC-coated stainless steel wristwatch with honeycomb dial, one of a limited edition of 10 pieces, Circa 2021","8,000 - 16,000 USD","9,600 USD"
"2","8","23.  A. Lange & Söhne","Reference 107.031 Cabaret | A pink gold rectangular wristwatch with date, Circa 1997","8,000 - 16,000 USD","16,800 USD"
"2","8","24.  Omega","Reference 311.32.42.30.04.001 Speedmaster 'Alaska Project' | A limited edition stainless steel chronograph wristwatch with bracelet, Circa 2010","10,000 - 15,000 USD","15,600 USD"
"2","8","25.  Audemars Piguet","Reference 15210CR.OO.A008KB.01 Code 11.59 | A white and pink gold wristwatch with date, Circa 2022","12,000 - 24,000 USD","16,800 USD"
"2","8","26.  Audemars Piguet","Reference 26393OR.OO.A321CR.01 Code 11.59 | A pink gold flyback chronograph wristwatch with date, Circa 2020","25,000 - 50,000 USD","42,000 USD"
"2","8","27.  Richard Mille","Reference RM002 AF WG | A white gold semi-skeletonized tourbillon wristwatch with power reserve and torque indication, Circa 2010 ","200,000 - 400,000 USD","216,000 USD"
"2","8","28.  Richard Mille","Reference RM004 V2 All Grey | A limited edition titanium semi-skeletonised split seconds chronograph wristwatch with power reserve and torque indication, Circa 2009","200,000 - 400,000 USD","264,000 USD"
"2","8","29.  Richard Mille","Reference RM030 AM CA 'Asia Boutique Exclusive' | A limited edition carbon skeletonized automatic wristwatch with date and power reserve and torque limiting crown, Circa 2013","160,000 - 260,000 USD","n/a"
"2","8","30.  Patek Philippe","Reference 5167A-001 Aquanaut | A stainless steel wristwatch with date, Circa 2011","30,000 - 60,000 USD","50,400 USD"
"2","8","31.  Patek Philippe","Reference 5168G-001 Aquanaut | A white gold automatic wristwatch with date, Circa 2018","50,000 - 100,000 USD","66,000 USD"
"2","8","32.  Patek Philippe","Reference 5168G-010 Aquanaut | A white gold wristwatch with date, Circa 2019","60,000 - 120,000 USD","78,000 USD"
"1","13","316.  Rolex","Reference 114060 Submariner 'Romac Industries, Inc' | A stainless steel automatic wristwatch with bracelet, Circa 2016","10,000 - 20,000 USD","13,200 USD"
"1","13","317.  Rolex","Reference 1680 Submariner | A stainless steel automatic wristwatch with date and bracelet, Circa 1973","15,000 - 30,000 USD","n/a"
"1","13","318.  Rolex","Reference 1675 GMT-Master ‘Pepsi’ | A stainless steel automatic dual time wristwatch with date and bracelet, Circa 1966","15,000 - 30,000 USD","19,200 USD"
"1","13","319.  Rolex","Reference 1675 GMT-Master | A yellow gold automatic dual time wristwatch with date, Circa 1978","15,000 - 25,000 USD","18,000 USD"
"1","13","320.  Rolex","Reference 1675 GMT-Master | A yellow gold automatic dual time wristwatch with date, Circa 1972","15,000 - 25,000 USD","20,400 USD"
"1","13","321.  Rolex","Reference 1503 Date | A yellow gold automatic wristwatch with bracelet and date, Circa 1968","8,000 - 12,000 USD","9,600 USD"
"1","13","322.  Rolex","Reference 118238 Day-Date | A yellow gold automatic wristwatch with day, date, and bracelet, Circa 2001","8,000 - 12,000 USD","20,400 USD"
"1","13","323.  Rolex","Reference 1803 Day-Date | A yellow gold and diamond-set automatic wristwatch with day and date, Circa 1971","8,000 - 12,000 USD","9,600 USD"
"1","13","324.  Rolex","Reference 1803 Day-Date | A yellow gold automatic wristwatch with day, date, and ‘Buckley’ dial, Circa 1978","10,000 - 15,000 USD","12,000 USD"
"1","13","326.  Rolex","Reference 118348 Day-Date | A yellow gold and diamond-set automatic wristwatch with day, date, and bracelet, Circa 2003","12,000 - 18,000 USD","31,200 USD"
"1","13","327.  Rolex","Reference 18239 Day-Date | A white gold automatic wristwatch with day, date, and bracelet, Circa 1989","15,000 - 25,000 USD","20,400 USD"
"1","13","328.  Rolex","Reference 1803 Day-Date 'Stella' | A white gold and diamond-set automatic wristwatch with day, date, bracelet, and red stella dial, Circa 1972","40,000 - 60,000 USD","48,000 USD"
"1","13","329.  Rolex","Reference 16018 Datejust | A yellow gold and diamond-set automatic wristwatch with date, bracelet, and onyx dial, Circa 1987","20,000 - 40,000 USD","n/a"
"1","13","330.  Rolex","Reference 16018 Datejust | A yellow gold automatic wristwatch with date, bracelet, and lapis lazuli dial, Circa 1982","25,000 - 45,000 USD","38,400 USD"
"1","13","331.  Rolex","Reference 6305 1 Datejust | A stainless steel automatic wristwatch with date, bracelet, and red date wheel, Circa 1953","20,000 - 30,000 USD","n/a"
"1","13","332.  Rolex","Reference 1665 Sea-Dweller ‘Double Red’ | A stainless steel automatic wristwatch with date and bracelet, Circa 1978","30,000 - 50,000 USD","n/a"
"2","8","33.  Patek Philippe","Reference 5164R-001 Aquanaut Travel Time | A pink gold dual time zone wristwatch with date and day/night indication, Circa 2018","70,000 - 110,000 USD","96,000 USD"
"2","8","35.  Swiss","A gold, enamel, and diamond-set scarab form watch, made for the Chinese market, Circa 1890","5,000 - 8,000 USD","6,600 USD"
"2","8","36.  Patek Philippe","A ladies yellow gold, enamel, and diamond-set open faced watch, Circa 1915","4,000 - 8,000 USD","7,200 USD"
"2","8","37.  Cartier, France","A yellow gold, rock crystal, and enamel octagonal open faced watch, Circa 1925","20,000 - 40,000 USD","n/a"
"2","8","38.  Cartier","A yellow gold concealed dial bracelet watch, Circa 1969","15,000 - 30,000 USD","33,600 USD"
"2","8","39.  Cartier","Cloche | A limited edition yellow gold bell-shaped wristwatch, Circa 1990","20,000 - 40,000 USD","40,800 USD"
"2","8","40.  Cartier","Reverso | A rare stainless steel rectangular reversible wristwatch, Circa 1940","10,000 - 20,000 USD","28,800 USD"
"2","8","41.  Cartier","Tonneau | An early platinum and gold tonneau shaped wristwatch, Owned by Al Jolson and Gifted to Dr. Leo Winter, Circa 1920","8,000 - 16,000 USD","28,800 USD"
"2","8","42.  Piaget","Reference 9850 | A rare yellow gold openwork bracelet watch with lapis lazuli dial and beads, Circa 1970","30,000 - 50,000 USD","36,000 USD"
"2","8","43.  Omega","Reference 14900 SC Constellation 'Pie Pan' | Retailed by Cartier: A yellow gold automatic wristwatch with bracelet, Circa 1962","10,000 - 15,000 USD","16,800 USD"
"2","8","44.  Jaeger-Lecoultre","Reference Q278856J Grande Reverso 1931 Rouge | A special edition stainless steel reversible wristwatch, Circa 2012","10,000 - 20,000 USD","12,000 USD"
"2","8","45.  Audemars Piguet","Cobra | A white gold bracelet watch, Circa 1990","5,000 - 10,000 USD","6,600 USD"
"2","8","46.  Vacheron Constantin","Reference 7391 0 | A white gold and diamond-set cushion shaped bracelet watch, Circa 1980","5,000 - 10,000 USD","7,200 USD"
"2","8","47.  Panerai","Reference PAM00382 Luminor Submersible 1950 | A limited edition bronze and titanium wristwatch with date, Owned and Screenworn by Sylvester Stallone in The Expendables 2, Circa 2011","30,000 - 60,000 USD","96,000 USD"
"2","8","48.  Piaget","Reference P10623 Polo Grande | A yellow gold automatic wristwatch with date and bracelet, Owned and Worn by Sylvester Stallone, Circa 2000","6,000 - 12,000 USD","33,600 USD"
"2","8","49.  Panerai","Reference PAM00332 Luminor 1950 Regatta 'Classic Yachts Challenge' | A limited edition PVD-coated stainless steel automatic split-seconds chronograph wristwatch, Owned and Worn by Sylvester Stallone, Circa 2009","20,000 - 40,000 USD","28,800 USD"
"2","8","50.  Panerai","Reference PAM00202 Luminor Submersible 1950 Chrono Slytech 'Watch No. 1' | A limited edition titanium chronograph wristwatch, Number 1, Owned and Worn by Sylvester Stallone, Made in 2005","6,000 - 12,000 USD","54,000 USD"
"1","13","333.  Rolex","Reference 6542 GMT-Master | A stainless steel automatic dual time wristwatch with roulette date wheel, bracelet, and bakelite bezel, Circa 1959","30,000 - 60,000 USD","n/a"
"1","13","334.  Rolex","Reference 2508 | A yellow gold chronograph wristwatch with enamel dial, Circa 1940","15,000 - 25,000 USD","20,400 USD"
"1","13","335.  Rolex","Reference 16520 Daytona 'Zenith' | A stainless steel automatic chronograph wristwatch with bracelet, Circa 1998","12,000 - 24,000 USD","22,800 USD"
"1","13","336.  Rolex","Reference 116523 Daytona | A stainless steel and yellow gold automatic chronograph wristwatch with bracelet, Circa 2004","12,000 - 18,000 USD","14,400 USD"
"1","13","337.  Rolex","Reference 116520 Daytona | A stainless steel automatic chronograph wristwatch with bracelet, Circa 2013","12,000 - 24,000 USD","18,000 USD"
"1","13","339.  Rolex","Reference 6239 Daytona | A stainless steel chronograph wristwatch with bracelet, Circa 1967","30,000 - 50,000 USD","45,600 USD"
"1","13","340.  Rolex","Reference 6263 'Sigma Dial' Daytona | A stainless steel chronograph wristwatch with bracelet, Circa 1973","40,000 - 60,000 USD","n/a"
"1","13","341.  Patek Philippe","Reference 3579-1 | A stainless steel wristwatch, Circa 1970","5,000 - 8,000 USD","12,000 USD"
"1","13","342.  Patek Philippe","Reference 3520/D Calatrava | Retailed by Tiffany & Co.: A yellow gold wristwatch, Made in 1986","8,000 - 12,000 USD","11,400 USD"
"1","13","343.  Patek Philippe","Reference 3919 Calatrava | A yellow gold wristwatch, Circa 1986","7,000 - 10,000 USD","12,000 USD"
"1","13","344.  Patek Philippe","Reference 5120J-001 Calatrava | A yellow gold automatic wristwatch, Circa 2003","7,000 - 11,000 USD","13,200 USD"
"1","13","345.  Patek Philippe","Reference 3440 Calatrava | A yellow gold automatic wristwatch, Circa 1965","8,000 - 12,000 USD","n/a"
"1","13","346.  Patek Philippe","Reference 3796 Calatrava | A pink gold wristwatch, Circa 1995","8,000 - 16,000 USD","16,800 USD"
"1","13","347.  Patek Philippe","Reference 5085/1A ‘Neptune’ | A stainless steel automatic bracelet watch with date, moon phases, and power reserve indication, Circa 2002","12,000 - 18,000 USD","18,000 USD"
"1","13","348.  Patek Philippe","Reference 5015J | A yellow gold automatic wristwatch with moon phases and power reserve indication, Circa 1995","10,000 - 15,000 USD","18,000 USD"
"1","13","349.  Patek Philippe","Reference 2525/1J Calatrava | A yellow gold wristwatch, Circa 1955","7,000 - 9,000 USD","8,400 USD"
"1","13","350.  Patek Philippe","Reference 2526 | A yellow gold automatic wristwatch with first series enamel dial, Made in 1955","25,000 - 45,000 USD","24,000 USD"
"2","2","1.  Van Cleef & Arpels","Lapis Lazuli and Diamond Bangle-Bracelet and Pair of Earclips, France","15,000 - 20,000 USD","36,000 USD"
"2","2","2.  Van Cleef & Arpels","Enamel, Colored Stone and Diamond Vanity Case, France","10,000 - 15,000 USD","34,800 USD"
"2","2","3.  Van Cleef & Arpels","Gold, Sapphire and Diamond 'Ballerina' Compact","10,000 - 15,000 USD","40,800 USD"
"2","2","4.  Van Cleef & Arpels","Gold, Diamond and Ruby 'Couscous' Bracelet, France","20,000 - 30,000 USD","42,000 USD"
"2","2","5.  Van Cleef & Arpels","Gold, Ruby and Diamond 'Couscous' Bracelet, France","20,000 - 30,000 USD","42,000 USD"
"2","2","6.  Van Cleef & Arpels","Gold and Diamond Necklace-Bracelet Combination","40,000 - 60,000 USD","84,000 USD"
"2","2","7.  Harry Winston","Pair of Emerald and Diamond Earclips","45,000 - 65,000 USD","66,000 USD"
"2","2","8.  Tiffany & Co.","Emerald and Diamond Bracelet","12,000 - 18,000 USD","42,000 USD"
"2","2","9.  Tiffany & Co.","Diamond Ring","50,000 - 75,000 USD","72,000 USD"
"2","2","10.  Van Cleef & Arpels","Emerald and Diamond Ring, France","80,000 - 120,000 USD","216,000 USD"
"2","2","11.  Tiffany & Co.","Colored Diamond and Diamond Bracelet","20,000 - 30,000 USD","38,400 USD"
"2","2","n/a","n/a","125,000 - 175,000 USD","144,000 USD"
"2","2","n/a","n/a","8,000 - 12,000 USD","21,600 USD"
"2","2","14.  Cartier","Gold, Jade, Enamel and Diamond Vanity Case, France","12,000 - 15,000 USD","36,000 USD"
"2","2","15.  Boucheron","Diamond Bracelet, France","25,000 - 35,000 USD","31,200 USD"
"2","2","n/a","n/a","150,000 - 250,000 USD","276,000 USD"
"2","2","n/a","n/a","20,000 - 30,000 USD","66,000 USD"
"2","2","18.  Mounted by Cartier ","Diamond Necklace","150,000 - 200,000 USD","n/a"
"2","2","n/a","n/a","250,000 - 350,000 USD","288,000 USD"
"2","2","20.  Graff","Diamond Ring","150,000 - 200,000 USD","540,000 USD"
"2","2","21.  Graff","Colored Diamond and Diamond Necklace, France","80,000 - 120,000 USD","72,000 USD"
"2","2","n/a","n/a","150,000 - 200,000 USD","168,000 USD"
"2","2","24.  Van Cleef & Arpels","Diamond Necklace, France","120,000 - 180,000 USD","168,000 USD"
"2","2","25.  Van Cleef & Arpels","Pair of Emerald and Diamond Pendant-Earclips","75,000 - 100,000 USD","264,000 USD"
"2","2","n/a","n/a","70,000 - 100,000 USD","156,000 USD"
"2","2","27.  Graff","An Important Diamond Pendant-Necklace","700,000 - 1,000,000 USD","1,020,000 USD"
"2","2","28.  Graff","An Impressive Diamond Ring","1,000,000 - 2,000,000 USD","1,440,000 USD"
"2","2","29.  David Morris","An Exceptional Sapphire and Diamond Necklace","3,000,000 - 5,000,000 USD","n/a"
"2","2","30.  Marcus & Co.","A Superb Sapphire and Diamond Ring","500,000 - 700,000 USD","1,980,000 USD"
"2","2","n/a","n/a","320,000 - 520,000 USD","384,000 USD"
"2","2","n/a","n/a","350,000 - 550,000 USD","456,000 USD"
"2","2","n/a","n/a","50,000 - 70,000 USD","552,000 USD"
"2","2","34.  Cartier","Sapphire, Emerald and Diamond Jabot Pin","30,000 - 50,000 USD","n/a"
"2","2","n/a","n/a","20,000 - 30,000 USD","76,800 USD"
"2","2","n/a","n/a","20,000 - 30,000 USD","468,300 USD"
"2","2","n/a","n/a","40,000 - 60,000 USD","90,000 USD"
"2","2","38.  Marcus & Co.","Natural Pearl and Diamond Double-Clip Brooch","20,000 - 30,000 USD","26,400 USD"
"2","2","39.  Louis Comfort Tiffany for Tiffany & Co.","Gold and Enamel Necklace","20,000 - 30,000 USD","38,400 USD"
"2","2","40.  Tiffany & Co.","A Rare Yellow Sapphire, Zircon and Diamond Pendant-Brooch","15,000 - 30,000 USD","66,000 USD"
"2","2","41.  Tiffany & Co.","Natural Pearl and Diamond Necklace","40,000 - 60,000 USD","300,000 USD"
"2","2","42.  Harry Winston","An Exquisite Pair of Natural Pearl and Diamond Earclips","200,000 - 300,000 USD","396,000 USD"
"2","2","43.  Bulgari","Sapphire and Diamond Ring","90,000 - 120,000 USD","n/a"
"2","2","44.  René Boivin","Tourmaline and Emerald 'Digitale' Brooch, France","60,000 - 80,000 USD","72,000 USD"
"2","2","45.  René Boivin","Amethyst and Emerald Ring, France","12,000 - 18,000 USD","19,200 USD"
"2","2","46.  Verdura ","Gold and Pink Tourmaline 'Wrapped Heart' Clip-Brooch","20,000 - 30,000 USD","57,600 USD"
"2","2","47.  Cartier","Gold and Diamond Necklace, France","15,000 - 20,000 USD","48,000 USD"
"2","2","48.  Cartier","Gold and Diamond Bracelet, France","8,000 - 12,000 USD","18,000 USD"
"2","2","49.  Tiffany & Co.","Gold, Citrine, Sapphire and Demantoid Garnet Bracelet","12,000 - 18,000 USD","14,400 USD"
"3","10","n/a","n/a","30,000 - 40,000 USD","22,800 USD"
"3","10","n/a","n/a","500 - 1,000 USD","360 USD"
"3","10","n/a","n/a","1,500 - 3,000 USD","2,040 USD"
"3","10","n/a","n/a","1,000 - 2,000 USD","1,920 USD"
"3","10","n/a","n/a","1,000 - 2,000 USD","1,200 USD"
"3","10","n/a","n/a","2,000 - 4,000 USD","2,640 USD"
"3","10","n/a","n/a","4,000 - 6,000 USD","10,200 USD"
"3","10","n/a","n/a","1,000 - 2,000 USD","1,440 USD"
"3","10","n/a","n/a","3,000 - 5,000 USD","5,040 USD"
"3","10","n/a","n/a","2,000 - 4,000 USD","1,920 USD"
"3","10","n/a","n/a","1,500 - 3,000 USD","1,320 USD"
"3","10","n/a","n/a","1,000 - 2,000 USD","960 USD"
"3","10","n/a","n/a","10,000 - 15,000 USD","36,000 USD"
"3","10","n/a","n/a","2,000 - 4,000 USD","1,440 USD"
"3","10","n/a","n/a","8,000 - 12,000 USD","21,600 USD"
"3","10","n/a","n/a","2,000 - 4,000 USD","1,440 USD"
"3","10","n/a","n/a","3,000 - 5,000 USD","6,600 USD"
"3","10","n/a","n/a","2,000 - 4,000 USD","2,640 USD"
"3","10","n/a","n/a","8,000 - 12,000 USD","15,600 USD"
"3","10","n/a","n/a","1,000 - 2,000 USD","1,200 USD"
"3","10","n/a","n/a","2,000 - 4,000 USD","2,040 USD"
"3","10","n/a","n/a","500 - 1,000 USD","600 USD"
"3","10","n/a","n/a","8,000 - 12,000 USD","26,400 USD"
"3","10","n/a","n/a","1,000 - 2,000 USD","600 USD"
"3","10","n/a","n/a","3,000 - 5,000 USD","9,000 USD"
"3","10","n/a","n/a","500 - 1,000 USD","720 USD"
"3","10","n/a","n/a","2,000 - 3,000 USD","4,200 USD"
"3","10","n/a","n/a","750 - 1,250 USD","1,200 USD"
"3","10","n/a","n/a","1,000 - 2,000 USD","1,080 USD"
"3","10","n/a","n/a","750 - 1,250 USD","720 USD"
"3","10","n/a","n/a","750 - 1,250 USD","1,200 USD"
"3","10","n/a","n/a","500 - 1,000 USD","960 USD"
"3","10","n/a","n/a","5,000 - 7,000 USD","5,400 USD"
"3","10","n/a","n/a","1,500 - 3,000 USD","1,080 USD"
"3","10","n/a","n/a","1,000 - 2,000 USD","1,440 USD"
"3","10","n/a","n/a","500 - 1,000 USD","480 USD"
"3","10","n/a","n/a","1,000 - 2,000 USD","1,560 USD"
"3","10","n/a","n/a","500 - 1,000 USD","1,080 USD"
"3","10","n/a","n/a","15,000 - 25,000 USD","42,000 USD"
"3","10","n/a","n/a","3,000 - 5,000 USD","3,360 USD"
"3","10","n/a","n/a","3,000 - 5,000 USD","4,560 USD"
"3","10","n/a","n/a","1,500 - 3,000 USD","1,680 USD"
"3","10","n/a","n/a","2,000 - 4,000 USD","1,200 USD"
"3","10","n/a","n/a","1,000 - 2,000 USD","960 USD"
"3","10","n/a","n/a","50,000 - 70,000 USD","120,000 USD"
"3","10","n/a","n/a","1,000 - 2,000 USD","1,800 USD"
"3","10","n/a","n/a","3,000 - 5,000 USD","2,400 USD"
"3","10","n/a","n/a","1,000 - 2,000 USD","1,080 USD"
"1","10","1.  Hermès","Limited Edition Lime, Rose Confetti, Sesame and Terre Battue Epsom Sunrise Birkin 35 Sellier Palladium Hardware, 2020","15,000 - 20,000 USD","26,400 USD"
"1","10","2.  Hermès","Rose Azalee and Craie HSS Kelly 25 Sellier Gold Hardware, 2023","17,000 - 22,000 USD","20,400 USD"
"1","10","3.  Hermès","Rose Tyrien Ostrich Kelly 25 Sellier Palladium Hardware, 2019","18,000 - 26,000 USD","24,000 USD"
"1","10","4.  Hermès","Lime Epsom Kelly 25 Sellier Palladium Hardware, 2022","15,000 - 20,000 USD","22,800 USD"
"1","10","5.  Hermès","Lime Matte Alligator Mini Sac Roulis 18 Palladium Hardware, 2023","12,000 - 18,000 USD","n/a"
"1","10","6.  Hermès","Limited Edition Vert D'eau Matte Alligator Birkin 20 Sellier Gold Hardware, 2023","75,000 - 90,000 USD","n/a"
"1","10","7.  Hermès","Vert Criquet Ostrich Constance-To-Go Wallet Gold Hardware, 2023","6,000 - 10,000 USD","10,800 USD"
"1","10","8.  Hermès","White Matte Niloticus Crocodile Himalaya Kelly 28 Retourne Palladium Hardware, 2020","90,000 - 130,000 USD","108,000 USD"
"1","10","9.  Hermès","Jaune Bourgeon Matte Alligator Mini Constance 18 Palladium Hardware, 2021","18,000 - 28,000 USD","21,600 USD"
"1","10","10.  Hermès","Vert Criquet Swift Birkin 25 Gold Hardware, 2024","17,000 - 20,000 USD","22,800 USD"
"1","10","11.  Hermès","Nata Ostrich Mini Constance 18 Palladium Hardware, 2023","20,000 - 30,000 USD","n/a"
"1","10","12.  Hermès","Limited Edition Vert Jade Matte Alligator and Madame Touch Kelly 25 Sellier Palladium Hardware, 2023","22,000 - 30,000 USD","26,400 USD"
"1","10","13.  Hermès","Limited Edition Menthe Swift and Osier Wicker Picnic Birkin 25 Palladium Hardware, 2022","30,000 - 50,000 USD","45,600 USD"
"1","10","14.  Hermès","Malachite Matte Alligator Birkin 30 Gold Hardware, 2017","40,000 - 60,000 USD","48,000 USD"
"1","10","15.  Hermès","Limited Edition Nata Swift In and Out Kelly 25 Retourne Palladium Hardware, 2021","15,000 - 20,000 USD","26,400 USD"
"1","10","16.  Hermès","Limited Edition Silver Chèvre Metallic Mini Constance 18 Palladium Hardware, 2005","16,000 - 26,000 USD","14,400 USD"
"1","10","17.  Hermès","Beton Togo Kelly 25 Retourne Gold Hardware, 2023","17,000 - 20,000 USD","31,200 USD"
"1","10","18.  Hermès","Limited Edition Gris Perle Togo and Nata Verso Birkin 25 Palladium Hardware, 2022","15,000 - 20,000 USD","28,800 USD"
"1","10","19.  Hermès","Limited Edition Nata Swift and Goeland Toile Cargo Birkin 35 Palladium Hardware, 2021","20,000 - 30,000 USD","28,800 USD"
"1","10","20.  Hermès","Gris Asphalt Togo Voyage Kelly 50 Retourne Palladium Hardware, 2021","10,000 - 15,000 USD","12,000 USD"
"1","10","21.  Hermès","Limited Edition Bleu Frida and Rose Extreme Swift Quelle Idole Kelly Doll Palladium Hardware, 2020","30,000 - 40,000 USD","45,600 USD"
"1","10","22.  Hermès","Bleu Saphir Niloticus Lizard Birkin 25 Palladium Hardware, 2022","28,000 - 45,000 USD","36,000 USD"
"1","10","23.  Hermès","Limited Edition Caban Swift and Bleu Saphir Côte à Côte Tuffetage Birkin 25 Gold Hardware, 2023","18,000 - 24,000 USD","21,600 USD"
"1","10","24.  Hermès","Bleu Obscure Sombrero and  Framboise Verso HSS Kelly 28 Sellier Palladium Hardware, 2019","17,000 - 20,000 USD","20,400 USD"
"1","10","25.  Hermès","Bleu Marine Shiny Porosus Crocodile Birkin 35 Palladium Hardware, 2010","20,000 - 30,000 USD","48,000 USD"
"1","10","26.  Hermès","Amethyst Shiny Niloticus Crocodile Constance Elan 25 Palladium Hardware, 2013","15,000 - 25,000 USD","18,000 USD"
"1","10","27.  Hermès","Limited Edition Bleu Indigo and Black Epsom Verso Mini Kelly II 20 Gold Hardware, 2021","19,000 - 26,000 USD","22,800 USD"
"1","10","28.  Hermès","Burgundy Shiny Porosus Crocodile Kelly 35 Sellier 18K Yellow Gold and Diamond Hardware, 2012 ","40,000 - 60,000 USD","n/a"
"1","10","29.  Hermès","Black Chèvre Kelly Elan Gold Hardware, 2023","12,000 - 18,000 USD","16,800 USD"
"1","10","30.  Hermès","Black Shiny Alligator Kelly 25 Sellier Palladium Hardware, 2018","38,000 - 50,000 USD","60,000 USD"
"1","10","31.  Hermès","Black Shiny Alligator Mini Constance 18 Gold Hardware, 2015","15,000 - 20,000 USD","22,800 USD"
"1","10","32.  Hermès","Vintage Rouge H Shiny Niloticus Crocodile Kelly 32 Sellier Gold Hardware, 1981","15,000 - 25,000 USD","20,400 USD"
"1","10","33.  Hermès","Limited Edition Black Matte Alligator So Black Birkin 35 Black PVD Hardware, 2011","50,000 - 80,000 USD","132,000 USD"
"1","10","34.  Hermès","Black Shiny Niloticus Crocodile Kelly 32 Sellier Gold Hardware, 2018","30,000 - 35,000 USD","n/a"
"1","10","35.  Hermès","Limited Edition Black Evercalf and Toile Cargo HAC 40 Palladium Hardware, 2021","30,000 - 40,000 USD","n/a"
"1","10","36.  Hermès","Limited Edition Gold Togo and Alligator Touch Birkin 25 Palladium Hardware, 2021","22,000 - 30,000 USD","28,800 USD"
"1","10","37.  Hermès","Limited Edition Gold Madame Constance 24 Ombre Lizard and Palladium Hardware, 2021","10,000 - 15,000 USD","13,200 USD"
"1","10","38.  Hermès","Limited Edition Fauve Barenia Faubourg and Toile 3 in 1 Birkin 30 Gold Hardware, 2022","15,000 - 20,000 USD","31,200 USD"
"1","10","39.  Hermès","Ombre Desert Salvator Lizard Minuit au Faubourg Palladium Mechanical Hardware, 2021","10,000 - 15,000 USD","13,200 USD"
"1","10","40.  Hermès","Gold Togo Maxi Kelly 42 Retourne Palladium Hardware, 2024","20,000 - 26,000 USD","24,000 USD"
"1","10","41.  Hermès","Gold Matte Alligator Birkin 35 Palladium Hardware, 2012","17,000 - 30,000 USD","38,400 USD"
"1","10","42.  Hermès","Limited Edition Lime, Sesame, Rose Confetti and Terre Battue Epsom Sunrise Rainbow Bolide 1923 30 Palladium Hardware, 2020","12,000 - 18,000 USD","14,400 USD"
"1","10","43.  Hermès","Lime Evercolor Roulis 23 Palladium Hardware, 2020","5,500 - 8,500 USD","6,600 USD"
"1","10","44.  Chanel","Saffron Yellow Shiny Alligator Old Medium Classic Double Flap Gold Hardware, 2013","12,000 - 15,000 USD","21,600 USD"
"1","10","45.  Hermès","Orange H and Flamingo Epsom HSS Birkin 35 Brushed Gold Hardware, 2013","6,000 - 12,000 USD","12,000 USD"
"1","10","46.  Hermès","Rose Azalee Clemence Picotin Lock 18 Palladium Hardware, 2024","3,000 - 5,000 USD","6,600 USD"
"1","10","47.  Hermès","Set of 2 Micro Mini Kelly Twilly Bag Charms: Argile Tadelakt Palladium Hardware, 2021, and Rose Lipstick Tadelakt Palladium Hardware, 2022","5,000 - 8,000 USD","6,000 USD"
"1","10","48.  Hermès","Limited Edition Marble Silk and Rose Mexico Swift Mini Constance 18 Palladium Hardware, 2021","12,000 - 18,000 USD","16,800 USD"
"2","7","1.  On Kawara","Five Postcards to John Evans, 1969, from I Got Up, 1968-1979","30,000 - 40,000 USD","18,000 USD"
"2","7","2.  Charlotte Perriand","""Sandoz"" Stool","5,000 - 7,000 USD","31,200 USD"
"2","7","3.  Jean  Prouvé","""Visiteur"" Armchair","60,000 - 80,000 USD","156,000 USD"
"2","7","4.  Charlotte Perriand and Jean Prouvé","""Antony"" Bookcase","50,000 - 70,000 USD","96,000 USD"
"2","7","5.  Jean  Prouvé","""Potence"" Wall Light","120,000 - 180,000 USD","216,000 USD"
"2","7","6.  Jean  Prouvé","""Hublots"" Door Panel","70,000 - 100,000 USD","69,600 USD"
"2","7","7.  Charlotte Perriand","A Rare ""Nuage"" Bookshelf","80,000 - 120,000 USD","96,000 USD"
"2","7","8.  Cy Twombly","Roman Notes (Bastian 21-26)","400,000 - 600,000 USD","1,380,000 USD"
"2","7","9.  Charlotte Perriand","Console from Maison de la Tunisie","180,000 - 240,000 USD","336,000 USD"
"2","7","10.  Jean  Prouvé","Curved ""Compas"" Desk","12,000 - 18,000 USD","24,000 USD"
"2","7","11.  Attributed to Charlotte Perriand","Table Lamp","2,000 - 3,000 USD","5,040 USD"
"2","7","12.  Charlotte Perriand","Bookcase from Maison du Mexique","150,000 - 200,000 USD","264,000 USD"
"2","7","13.  Cy Twombly","Death of Giuliano de Medici ","1,000,000 - 1,500,000 USD","1,800,000 USD"
"2","7","14.  George Rickey","One Line Down Hommage to Giacometti","40,000 - 60,000 USD","24,000 USD"
"2","7","15.  Jean  Prouvé","A Rare ""Kangourou"" Armchair","200,000 - 300,000 USD","420,000 USD"
"2","7","16.  Jean  Prouvé","Sun Shutter","40,000 - 60,000 USD","42,000 USD"
"2","7","17.  Jean  Prouvé","Unique Illuminated Table for Dr. Gaston Vichard","400,000 - 600,000 USD","396,000 USD"
"2","7","18.  Jean  Prouvé","Pair of ""Demountable"" Chairs    ","50,000 - 70,000 USD","90,000 USD"
"2","7","19.  Serge Mouille","Three-Arm Ceiling Light","20,000 - 30,000 USD","31,200 USD"
"2","7","20.  Cy Twombly","Natural History Part I Mushrooms (Bastian 42-51)","60,000 - 80,000 USD","108,000 USD"
"2","7","21.  Richard Long","River Avon Driftwood Circle","50,000 - 70,000 USD","n/a"
"2","7","22.  Richard Long","Mount Whitney Stone Circle","7,000 - 10,000 USD","15,600 USD"
"2","7","23.  Richard Long","Walking a Circle on Hoy (Along a Four Day Walk, Orkney)","6,000 - 8,000 USD","7,200 USD"
"2","7","24.  Charlotte Perriand","An Important and Unique Bookcase for Galerie Steph Simon","400,000 - 600,000 USD","624,000 USD"
"2","7","25.  Mauro Giaconi","Anatomy (from Wired Fence)","6,000 - 8,000 USD","7,800 USD"
"2","7","26.  Charlotte Perriand","Set of Seven Wall Lights","6,000 - 8,000 USD","7,200 USD"
"2","7","27.  Charlotte Perriand","Bookcase from Maison de la Tunisie","150,000 - 200,000 USD","114,000 USD"
"2","7","28.  Jean  Prouvé","Curved ""Compas"" Desk","15,000 - 20,000 USD","42,000 USD"
"2","7","29.  Serge Mouille","One-Arm Wall Light","6,000 - 8,000 USD","11,400 USD"
"2","7","30.  Jean  Prouvé","Set of Six ""Métropole"" Chairs","80,000 - 120,000 USD","132,000 USD"
"2","7","31.  Jean  Prouvé","A Rare ""Aéronautique"" Table","100,000 - 150,000 USD","372,000 USD"
"2","7","32.  Jean  Prouvé","""Potence"" Wall Light","20,000 - 30,000 USD","36,000 USD"
"2","7","33.  Jean  Prouvé","""Potence"" Wall Light","15,000 - 20,000 USD","22,800 USD"
"2","7","34.  Jean  Prouvé","""Antony"" Chair","15,000 - 20,000 USD","42,000 USD"
"2","7","35.  Serge Mouille","""Simple"" Floor Lamp","10,000 - 15,000 USD","10,800 USD"
"2","7","36.  Cy Twombly","Untitled (Bastian 37)","10,000 - 15,000 USD","26,400 USD"
"2","7","37.  Sori Yanagi","Two Early ""Butterfly"" Stools","3,000 - 5,000 USD","60,000 USD"
"2","7","38.  Shiro Kuramata","Prototype ""45 Degrees North Latitude"" Table","5,000 - 7,000 USD","22,800 USD"
"2","7","39.  Tatsuo Miyajima","Changing Time with Changing Self No.27-W","10,000 - 15,000 USD","42,000 USD"
"1","14","201.  Bulgari","Pair of Gold ‘Alveare’ Earclips","4,000 - 6,000 USD","4,200 USD"
"2","6","101.  Claude Lalanne","""Buisson d'Or"" Candlestick","30,000 - 50,000 USD","50,400 USD"
"2","6","102.  François-Xavier Lalanne","Carpe d'Or","30,000 - 50,000 USD","78,000 USD"
"2","6","103.  Claude Lalanne","Pomme de Londres","800,000 - 1,200,000 USD","1,800,000 USD"
"2","6","104.  Claude Lalanne","""Bamboo"" Tray","8,000 - 12,000 USD","6,000 USD"
"2","6","105.  Line Vautrin","""Chardon"" Mirror","20,000 - 30,000 USD","21,600 USD"
"2","6","106.  Paul Dupré-Lafon","Desk","40,000 - 60,000 USD","42,000 USD"
"2","6","107.  Jean Royère","""Boule"" Andiron","15,000 - 20,000 USD","42,000 USD"
"1","14","203.  Van Cleef & Arpels","Pink Gold, Carnelian and Diamond 'Perlée Couleurs' Ring, France","3,000 - 5,000 USD","6,600 USD"
"1","14","n/a","n/a","8,000 - 12,000 USD","102,000 USD"
"1","14","205.  Boucheron","Pair of Gold and Diamond 'Day and Night' Earclips","18,000 - 22,000 USD","n/a"
"1","14","n/a","n/a","20,000 - 30,000 USD","12,000 USD"
"1","14","207.  Van Cleef & Arpels","Gold and Diamond Bracelet, France","10,000 - 15,000 USD","18,000 USD"
"1","14","208.  Van Cleef & Arpels","Sapphire and Diamond Pendant-Brooch","10,000 - 15,000 USD","n/a"
"2","6","108.  Jean Royère","A Rare ""Sculpture"" Suite","1,200,000 - 1,800,000 USD","3,720,000 USD"
"2","6","109.  Charlotte Perriand","Unique Bookcase from Maison du Mexique","200,000 - 300,000 USD","312,000 USD"
"2","6","110.  Max Ingrand","Low Table","15,000 - 20,000 USD","15,600 USD"
"2","6","111.  Jean Royère","Pair of ""Écusson"" Armchairs","40,000 - 60,000 USD","78,000 USD"
"2","6","112.  Jacques Adnet","Table","40,000 - 60,000 USD","42,000 USD"
"2","6","113.  Christian Bérard","An Important Carpet for Nelson Rockefeller","80,000 - 120,000 USD","120,000 USD"
"2","6","114.  Alberto Giacometti","An Important and Rare ""Facettes"" Vase","200,000 - 300,000 USD","1,200,000 USD"
"2","6","115.  Diego Giacometti","A Rare Pair of ""Chien"" Andirons","70,000 - 100,000 USD","252,000 USD"
"1","14","209.  Van Cleef & Arpels","Gold, Emerald, Sapphire and Diamond Bracelet and Pair of Earclips","8,000 - 12,000 USD","24,000 USD"
"1","14","n/a","n/a","30,000 - 50,000 USD","24,000 USD"
"1","14","211.  Bulgari","Pair of Diamond Earclips","5,000 - 7,000 USD","6,000 USD"
"1","14","n/a","n/a","25,000 - 35,000 USD","42,000 USD"
"1","14","213.  Raymond Yard ","Platinum and Diamond Double Clip-Brooch","10,000 - 15,000 USD","16,800 USD"
"1","14","n/a","n/a","20,000 - 30,000 USD","24,000 USD"
"1","14","215.  Cartier","Star Sapphire, Diamond and Sapphire Clip","15,000 - 20,000 USD","48,000 USD"
"1","14","217.  Carvin French","Sapphire and Diamond Ring","15,000 - 20,000 USD","10,200 USD"
"2","6","116.  Alberto Giacometti","""Feuille"" Floor Lamp","150,000 - 200,000 USD","288,000 USD"
"2","6","117.  Diego Giacometti","""Cerfs et Chiens"" Low Table","180,000 - 240,000 USD","228,000 USD"
"2","6","118.  Ingrid Donat","Console","40,000 - 60,000 USD","108,000 USD"
"2","6","119.  William Morris","Hanging Artifact","20,000 - 30,000 USD","n/a"
"2","6","120.  William Morris","Medicine Jar","40,000 - 60,000 USD","24,000 USD"
"2","6","121.  Ingo Maurer","Pair of ""Uchiwa"" Ceiling Lights","10,000 - 15,000 USD","24,000 USD"
"2","6","122.  Johnny Swing","""Catchalot (Sperm Whale)"" Bench","25,000 - 35,000 USD","n/a"
"2","6","124.  Wendell Castle","Black Edition Big Table","40,000 - 60,000 USD","n/a"
"2","6","125.  Wendell Castle","Pair of “Night” Side Tables","20,000 - 30,000 USD","78,000 USD"
"2","6","126.  Donald Judd","Backward Slant Chair 84","30,000 - 50,000 USD","n/a"
"2","6","127.  Donald Judd","Forward Slant Chair 84","30,000 - 50,000 USD","n/a"
"2","6","128.  Shiro Kuramata","Glass Chair","30,000 - 50,000 USD","n/a"
"2","6","129.  Fernando Campana and Humberto Campana","""Sushi"" Sofa","30,000 - 50,000 USD","n/a"
"2","6","130.  Ettore Sottsass","Bed","10,000 - 15,000 USD","n/a"
"2","6","131.  Mattia Bonetti","Prototype ""Mosaïque"" Low Table","15,000 - 20,000 USD","15,600 USD"
"2","6","132.  Mattia Bonetti","Pair of Armchairs","15,000 - 20,000 USD","14,400 USD"
"1","14","218.  Cartier","Diamond Bracelet, France","25,000 - 35,000 USD","38,400 USD"
"1","14","219.  Cartier","White Gold, Diamond, Emerald and Onyx 'Panthère Lakarda' Ring, France","12,000 - 18,000 USD","14,400 USD"
"1","14","220.  Cartier","Pair of Diamond Pendant-Earclips, France","15,000 - 20,000 USD","n/a"
"1","14","n/a","n/a","25,000 - 35,000 USD","28,800 USD"
"1","14","222.  Kwiat","Pair of Diamond Stud Earrings","15,000 - 20,000 USD","31,200 USD"
"1","14","223.  Cartier","Three-Color Gold and Diamond 'Panthère' Cuff-Bracelet and Ring","6,000 - 8,000 USD","13,200 USD"
"1","14","224.  Cartier","Gold 'Draperie de Décolleté' Necklace, France","20,000 - 30,000 USD","33,600 USD"
"1","14","n/a","n/a","25,000 - 35,000 USD","42,000 USD"
"1","14","226.  Seaman Schepps ","Colored Stone and Diamond Bracelet","20,000 - 30,000 USD","24,000 USD"
"1","14","n/a","n/a","30,000 - 50,000 USD","21,600 USD"
"1","14","228.  Seaman Schepps ","A Gold and Nephrite Bracelet and A Gold and Wood Bracelet","10,000 - 15,000 USD","31,200 USD"
"1","14","229.  JAR","Pair of Resin 'Fig Leaf' Earclips, Paris","3,000 - 5,000 USD","5,400 USD"
"1","14","230.  JAR","Pair of Resin ‘Gardenia’ Earclips, Paris","5,000 - 7,000 USD","7,800 USD"
"1","14","231.  Buccellati","Two-Color Gold and Coral Necklace","10,000 - 15,000 USD","16,800 USD"
"1","14","232.  Buccellati","Pair of Two-Color Gold, Sapphire and Diamond Pendant-Earclips","3,000 - 5,000 USD","9,000 USD"
"1","14","n/a","n/a","20,000 - 30,000 USD","18,000 USD"
"2","6","133.  Mattia Bonetti","Buffet","8,000 - 12,000 USD","6,000 USD"
"2","6","134.  Mattia Bonetti","Low Table","15,000 - 20,000 USD","n/a"
"2","6","135.  Mattia Bonetti","High-Backed Sofa","8,000 - 12,000 USD","6,000 USD"
"2","6","137.  Hugo França","Low Table","20,000 - 30,000 USD","n/a"
"2","6","138.  Sergio Rodrigues","""Mucki"" Bench","5,000 - 7,000 USD","36,000 USD"
"2","6","139.  Wendell Castle","Unique ""Chaise Rocker""","180,000 - 240,000 USD","n/a"
"2","6","140.  Harry Bertoia","Untitled (Dandelion)","200,000 - 300,000 USD","n/a"
"2","6","141.  Paul Evans","""Sculpture"" Dining Table","20,000 - 30,000 USD","12,000 USD"
"2","6","142.  Paul Evans","Sideboard","30,000 - 50,000 USD","60,000 USD"
"2","6","143.  Harry Bertoia","Untitled (Sonambient)","40,000 - 60,000 USD","36,000 USD"
"2","6","144.  Harry Bertoia","Untitled (Spray)","10,000 - 15,000 USD","12,000 USD"
"2","6","145.  George Nakashima","""Frenchman’s Cove II"" Dining Table","25,000 - 35,000 USD","33,600 USD"
"2","6","146.  Paul T. Frankl","""Big Foot"" Low Table","10,000 - 15,000 USD","19,200 USD"
"2","6","147.  Kem Weber","Lounge Chair","10,000 - 15,000 USD","15,600 USD"
"2","6","148.  Émile-Jacques Ruhlmann","Set of Six ""Drouant"" Side Chairs","30,000 - 50,000 USD","57,600 USD"
"2","6","149.  Émile-Jacques Ruhlmann","Set of Seven ""Drouant"" Side Chairs","30,000 - 50,000 USD","60,000 USD"
"2","6","151.  Jean Dupas","Garden Party with Dancers","20,000 - 30,000 USD","n/a"
"1","14","234.  Van Cleef & Arpels","Gold and Hardstone 'Vintage Alhambra' Necklace","15,000 - 20,000 USD","26,400 USD"
"1","14","235.  Taffin","Pair of Diamond and Ceramic 'Cigarette' Earrings","15,000 - 20,000 USD","24,000 USD"
"1","14","236.  Van Cleef & Arpels","Suite of Gold, Colored Stone and Diamond Jewels, France","40,000 - 60,000 USD","78,000 USD"
"1","14","237.  Michele della Valle","Turquoise, Ruby and Diamond Necklace","6,000 - 8,000 USD","14,400 USD"
"1","14","238.  Seaman Schepps ","Pair of Turquoise, Wood, Yellow Sapphire and Diamond Clip-Brooches","4,000 - 6,000 USD","4,560 USD"
"1","14","239.  Seaman Schepps ","Sapphire, Turquoise and Diamond Brooch and Pair of Earclips,","15,000 - 20,000 USD","n/a"
"1","14","n/a","n/a","10,000 - 15,000 USD","9,000 USD"
"1","14","241.  Kurt Wayne","Gold, Aquamarine and Diamond Clip-Brooch","10,000 - 15,000 USD","16,800 USD"
"1","14","n/a","n/a","6,000 - 8,000 USD","10,200 USD"
"1","14","243.  Schlumberger for Tiffany & Co. ","Gold and Diamond 'Flame' Clip-Brooch and Pair of Earclips","10,000 - 15,000 USD","28,800 USD"
"1","14","244.  Tiffany & Co.","Gold and Diamond Bracelet","6,000 - 8,000 USD","7,800 USD"
"1","14","245.  Jean Schlumberger","Gold, Colored Diamond and Ruby Ring","6,000 - 8,000 USD","5,400 USD"
"1","14","246.  Nicholas Varney","Colored Diamond and Diamond 'Peeling Onion' Clip-Brooch","10,000 - 15,000 USD","n/a"
"1","14","n/a","n/a","35,000 - 55,000 USD","38,400 USD"
"1","14","248.  Pomellato","Gold and Diamond Bracelet","10,000 - 15,000 USD","n/a"
"1","14","n/a","n/a","80,000 - 120,000 USD","n/a"
"1","14","n/a","n/a","50,000 - 70,000 USD","72,000 USD"
